,convex_area,area,eccentricity,extent,inertia_tensor-0-0,inertia_tensor-0-1,inertia_tensor-1-0,inertia_tensor-1-1,major_axis_length,minor_axis_length,perimeter,perimeter_area_ratio,mean_intensity,std_intensity,25th Percentile,75th Percentile,iqr,class
0,3276,3107,0.994431303604391,0.18887537993920972,1890.2623891212354,-949.2404112768401,-949.2404112768401,509.7890780797623,194.88205156419826,20.538000227508306,425.9726547895302,0.13710095101046998,217.90488348530903,77.37320569116714,217.90488348530903,77.37320569116714,-140.5316777941419,1
1,3754,3597,0.9927826838326308,0.19231180496150557,1727.1175290563153,-1068.035369882031,-1068.035369882031,708.472917187886,196.0023322087325,23.506018562165814,428.3990616607231,0.11909898850729027,218.38410678642714,75.34869709476423,218.38410678642714,75.34869709476423,-143.0354096916629,1
2,4234,4044,0.9905563062582453,0.21445617012250093,1731.5112846228576,-1038.447253798719,-1038.447253798719,683.8117727744561,194.7616833702448,26.703101114767943,436.3990616607231,0.10791272543539146,214.68091424935037,77.85765708641068,214.68091424935037,77.85765708641068,-136.82325716293968,1
3,3428,3127,0.9955539135362459,0.16604715378079865,2026.8221707854332,-1161.4737090296105,-1161.4737090296105,697.5050327112677,207.8602777016933,19.579075813790684,441.9137802864845,0.14132196363494867,222.4960528178986,73.45361149478862,222.4960528178986,73.45361149478862,-149.04244132310998,1
4,5309,5113,0.9736024880439618,0.42466777408637874,1662.9647145640927,-519.3095802131747,-519.3095802131747,267.66277298322916,171.34881137167764,39.110416032949345,406.43354954612926,0.07949023069550738,173.906284606866,97.10486844362585,173.906284606866,97.10486844362585,-76.80141616324015,1
5,4084,3847,0.9932483803107499,0.18705630652533306,1945.4337159004126,-1174.8266237523399,-1174.8266237523399,758.7148532755602,206.62004981429192,23.96939969117085,457.2985565973347,0.11887147299124895,218.6097118221012,76.14575273669477,218.6097118221012,76.14575273669477,-142.46395908540643,1
6,4003,3824,0.9906566380869612,0.22536539368222536,1688.8212839164873,-960.7689968854493,-960.7689968854493,602.2998972986072,189.70654215453075,25.872123283811916,421.5290039756342,0.11023248011915121,212.10798758447274,80.13027628650248,212.10798758447274,80.13027628650248,-131.97771129797025,1
7,4147,3897,0.9888274784153153,0.2361818181818182,1589.571857680671,-907.9291125490886,-907.9291125490886,581.6546564147399,184.34880427407336,27.47985786436969,415.28636328851496,0.10656565647639593,210.14244444444444,81.85972019490616,210.14244444444444,81.85972019490616,-128.28272424953826,1
8,3218,3020,0.9940627687920724,0.2001590668080594,1742.9342549668875,-922.3031456953643,-922.3031456953643,522.0903578790404,189.25209742557178,20.592169034774788,404.90158697766475,0.13407337317141216,215.3379506892895,80.38204735367758,215.3379506892895,80.38204735367758,-134.95590333561194,1
9,1678,1570,0.9948460072968907,0.6861888111888111,1239.550214613169,-60.59594222889367,-60.59594222889367,15.768218183293374,140.99891181724482,14.296915439919633,296.4264068711928,0.18880662858037758,121.67001748251748,87.96190237188377,121.67001748251748,87.96190237188377,-33.70811511063371,1
10,5451,5142,0.9801761877805689,0.2637734687596183,1541.1692550772377,-922.3027640070619,-922.3027640070619,666.929097149322,184.37762305401603,36.53034016507558,439.8132752230962,0.08553350354397048,206.872063198933,83.10812194108982,206.872063198933,83.10812194108982,-123.76394125784319,1
11,4958,4630,0.9873321940330111,0.2411081601833047,1753.9321862769336,-1047.6737322094143,-1047.6737322094143,708.6255130172743,196.04427579350204,31.10570875753585,440.98484809834997,0.09524510758063714,209.38224930132444,81.48925532013982,209.38224930132444,81.48925532013982,-127.89299398118462,1
12,4966,4764,0.978962233036824,0.2929709119980321,1434.2062694177794,-809.0438857658305,-809.0438857658305,563.1178920884383,175.15676486173817,35.7392544307971,409.0437226013957,0.08586140272909229,201.32025500686714,84.8385929705663,201.32025500686714,84.8385929705663,-116.48166203630085,1
13,1449,1351,0.9945655573016806,0.6981912144702842,1036.6102593632154,-46.28151200881436,-46.28151200881436,13.347846072843419,128.91543138665838,13.42167043883558,267.59797974644664,0.1980740042534764,117.7312661498708,90.15589787502911,117.7312661498708,90.15589787502911,-27.575368274841694,1
14,3811,3512,0.9849821722478124,0.4167062173706692,1600.737210705502,-359.14607742539727,-359.14607742539727,133.3857804805911,164.14262016792026,28.340220595248528,385.1787155501902,0.1096750329015348,176.31612877709225,94.23096504799341,176.31612877709225,94.23096504799341,-82.08516372909884,1
15,3881,3699,0.9939135808791534,0.17514204545454545,1868.369570668617,-1227.1734809777754,-1227.1734809777754,852.9828435397627,207.41157656889683,22.84899412531585,450.683332908185,0.12183923571456745,220.33890467171716,75.50021570182749,220.33890467171716,75.50021570182749,-144.8386889698897,1
16,3462,3221,0.9953721862826802,0.15587495160665893,1792.7014561476176,-1277.8449440333602,-1277.8449440333602,948.8637400804499,208.47947204152007,20.03379337365055,437.1686142824235,0.13572449993245064,225.2683572073816,69.68166717379587,225.2683572073816,69.68166717379587,-155.58669003358574,1
17,5810,5610,0.9798385461857341,0.29750225380495304,1718.395242929452,-954.0440933398154,-954.0440933398154,650.1862215740291,190.89956376621276,38.14000505932535,439.67113959936523,0.07837275215674959,199.74166976012444,86.39894578344959,199.74166976012444,86.39894578344959,-113.34272397667485,1
18,3138,2989,0.9876725339130134,0.5951812027080844,1524.4238382265025,-178.2622041944584,-178.2622041944584,59.25335710138698,157.2666779020784,24.617618627522585,348.0243866176395,0.11643505741640665,139.55608655250234,95.99002638674675,139.55608655250234,95.99002638674675,-43.56606016575559,1
19,4703,4526,0.9727746617241322,0.4958369851007888,1468.4742807745652,-391.7109083882996,-391.7109083882996,195.72044429699554,158.96503970487157,36.84062638953863,376.00714267493635,0.08307714155433857,159.38281478235467,98.12146336511968,159.38281478235467,98.12146336511968,-61.26135141723499,1
20,4161,3964,0.9937461797222954,0.1820770750080382,1968.7202766370592,-1306.4215637508516,-1306.4215637508516,918.4271401747922,213.60120795332918,23.85126055092781,456.3401871576773,0.11512113702262293,219.5146754857379,75.78961524102941,219.5146754857379,75.78961524102941,-143.72506024470852,1
21,3597,3440,0.9939824237304445,0.19047619047619047,1900.3561971842885,-1073.532462226203,-1073.532462226203,646.4390595423198,200.66285101843556,21.98054432398946,432.842712474619,0.12582636990541252,219.00968992248062,74.61697592018973,219.00968992248062,74.61697592018973,-144.3927140022909,1
22,3440,3283,0.9938101980303541,0.1871295029639763,1786.416996556626,-1015.2718645206953,-1015.2718645206953,615.9115290289402,194.8555207886097,21.646764829155085,426.0142853498728,0.12976371774287931,218.98512311901504,75.55772631515981,218.98512311901504,75.55772631515981,-143.42739680385523,1
23,5314,5111,0.9756551409499249,0.3221556886227545,1505.8255173420469,-750.9779227504326,-750.9779227504326,490.38991183057595,174.56732092649167,38.28442674651446,416.3158005400378,0.08145486216788062,194.13661098854922,90.23817136492683,194.13661098854922,90.23817136492683,-103.8984396236224,1
24,3767,3581,0.9771015637665984,0.6354924578527062,1416.1505524089607,-60.76828105703249,-60.76828105703249,66.96790961574564,150.67220446653033,32.05904230621031,351.68124086713186,0.098207551205566,131.45489500147886,95.94809052589702,131.45489500147886,95.94809052589702,-35.506804475581845,1
25,4763,4410,0.9900318136580614,0.21979665071770335,1864.189056051748,-1136.267549272166,-1136.267549272166,763.2100639651172,203.02879290967445,28.595369728513266,447.47012947258855,0.10146714954026952,213.32236842105263,79.10479143744628,213.32236842105263,79.10479143744628,-134.21757698360636,1
26,4222,4061,0.9918110418401939,0.19612672655269003,1797.788294987527,-1168.289519692942,-1168.289519692942,819.3763148188111,202.9841971309682,25.92391698794107,447.85490578343877,0.1102819270582218,217.46358543417367,76.5923109552371,217.46358543417367,76.5923109552371,-140.87127447893658,1
27,3828,3666,0.9937570250958209,0.17652157164869028,1856.6471967526309,-1186.5872180598828,-1186.5872180598828,804.6720722023854,205.07954110100528,22.879906579384215,446.1980515339464,0.12171250723784681,220.01720595788393,76.13425771822625,220.01720595788393,76.13425771822625,-143.88294823965768,1
28,4606,4355,0.9846882100264435,0.25848765432098764,1529.1403609348827,-876.8429544409014,-876.8429544409014,586.5906055696963,181.2548259458189,31.597207715621877,414.94321753800733,0.0952797284817468,206.68558088002533,82.83287512835005,206.68558088002533,82.83287512835005,-123.85270575167527,1
29,3764,3618,0.9925869054376206,0.1969515514425694,1733.1511053081742,-1049.815424214839,-1049.815424214839,684.2678072844427,195.23239185210474,23.72795341339196,426.15642097360376,0.11778784438186947,217.47205588822357,76.46088994560051,217.47205588822357,76.46088994560051,-141.01116594262305,1
0,10585,10299,0.9201400262871795,0.5353188835178544,1508.2513175312463,844.7499730105953,844.7499730105953,926.0522009924433,183.7673016669811,71.96134472350974,579.2102448427661,0.056239464495850676,170.9985966006549,86.09147620410857,170.9985966006549,86.09147620410857,-84.90712039654633,2
1,10595,10303,0.9132708094475942,0.5235264227642277,1478.289513408104,-793.4242489828886,-793.4242489828886,888.3153661187253,180.2127165449958,73.41018231759317,480.28636328851496,0.04661616648437494,165.18382452574525,94.12285439818189,165.18382452574525,94.12285439818189,-71.06097012756337,2
2,13408,12871,0.9114210224389764,0.5294529000411353,1921.9611250915655,-947.2126144179967,-947.2126144179967,1027.1936209685314,200.8832012469096,82.65842602998899,657.3229432149742,0.05107007561300398,167.40673248320306,89.97137074503905,167.40673248320306,89.97137074503905,-77.435361738164,2
3,12432,12045,0.8963214268341874,0.5837452747891829,1751.9653249256764,750.6407142786991,750.6407142786991,853.760988957798,186.65879499957728,82.76542316354923,541.3696244092002,0.04494558940715652,155.96867629478854,90.74605787859639,155.96867629478854,90.74605787859639,-65.22261841619215,2
4,8779,8491,0.9271797041398888,0.697584620440355,1780.135953825925,-228.80844164828272,-228.80844164828272,288.9553778467119,170.3856684400849,63.82934510855991,428.9188309203678,0.05051452489934846,136.21664475846205,87.14707884347416,136.21664475846205,87.14707884347416,-49.06956591498789,2
5,12,11,0.8193342786072867,0.55,1.2727272727272727,0.45454545454545453,0.45454545454545453,0.7768595041322315,4.967994363003793,2.848231107005645,9.071067811865476,0.8246425283514068,157.9,59.98630399238369,157.9,59.98630399238369,-97.91369600761632,2
6,11506,11134,0.9167424510735345,0.5160363366703745,1619.2717639107327,-879.0091087427264,-879.0091087427264,967.6556044467562,188.93009242644314,75.4735587438109,494.94321753800733,0.044453315747979824,161.78938017550365,95.39802389388853,161.78938017550365,95.39802389388853,-66.39135628161512,2
7,14276,13789,0.9085819997924264,0.5375828460038986,1993.27831881388,-1015.3021361372229,-1015.3021361372229,1140.2472688453156,206.61128195799196,86.30288274572452,715.4356415871823,0.05188451965966947,167.0771150097466,89.55151895474712,167.0771150097466,89.55151895474712,-77.52559605499947,2
8,12670,12317,0.9079551538981863,0.550209952648977,1806.852377627992,879.1248990160319,879.1248990160319,970.0201972481582,194.4038928392627,81.46832296640736,502.2569260369921,0.04077753722797695,159.2053068882337,92.73196047144087,159.2053068882337,92.73196047144087,-66.47334641679284,2
9,11983,11723,0.9161801194396456,0.5503497488380827,1815.2044659453989,-872.3259419433331,-872.3259419433331,905.4127930121512,193.66440921670883,77.6142560749244,548.1269837220809,0.04675654557042403,159.46443828928219,95.00616917778704,159.46443828928219,95.00616917778704,-64.45826911149514,2
10,9421,9066,0.9143511548968153,0.6988899167437558,1787.612794649663,-75.83586809459501,-75.83586809459501,297.5814779783173,169.30268994888485,68.5544129733415,446.445742854949,0.049243960164896204,128.75282660088396,92.66138361552717,128.75282660088396,92.66138361552717,-36.09144298535679,2
11,11672,11277,0.9047461762557026,0.537,1557.9229279718922,-825.9956359768925,-825.9956359768925,971.9462322968991,185.0990644579549,78.84315379974672,683.3056992722711,0.060592861512128324,164.9798888888889,94.43698911445412,164.9798888888889,94.43698911445412,-70.54289977443477,2
12,10452,10210,0.9131230301472758,0.5441850548981985,1480.8765963829128,-780.2101853534156,-780.2101853534156,865.3224482632594,179.41333562388874,73.14396567488403,473.4284989122459,0.04636909881608677,160.0651671818925,95.3184461238203,160.0651671818925,95.3184461238203,-64.7467210580722,2
13,11217,10846,0.9147251796436291,0.5241892610313663,1586.8914032622547,-833.6723234888967,-833.6723234888967,913.2358838450053,185.43825113612587,74.93124588108272,510.3635277547903,0.04705546079243872,164.65364973498944,93.76035645947493,164.65364973498944,93.76035645947493,-70.89329327551451,2
14,10502,10205,0.9081369995819492,0.5806213017751479,1602.6703693729787,-658.4295436640492,-658.4295436640492,684.8278974410185,176.4689805761466,73.88282048920135,454.17366491630685,0.04450501371056412,153.09192459414353,92.9788747353234,153.09192459414353,92.9788747353234,-60.11304985882013,2
15,10225,9948,0.9137293305108667,0.5648100834610799,1595.2834045743132,-679.3826175364009,-679.3826175364009,686.1508998784027,177.00380984442188,71.92079095646261,450.90158697766475,0.04532585313406361,157.05424023921725,94.85148710195284,157.05424023921725,94.85148710195284,-62.20275313726441,2
16,13396,13058,0.9125554064241309,0.5334150326797386,1884.8375265826858,-1006.3191456963542,-1006.3191456963542,1128.7115483341038,203.24438449935795,83.11741916196499,550.5828278447966,0.04216440709486879,164.42629357298475,90.5075117420742,164.42629357298475,90.5075117420742,-73.91878183091055,2
17,13019,12557,0.9185394756505497,0.5125933787810752,1896.9523568973682,-991.8923908522105,-991.8923908522105,1055.9719060680334,202.14064915927253,79.91211525741465,626.0386719675123,0.04985575153042226,168.96018560095794,91.06120142648143,168.96018560095794,91.06120142648143,-77.89898417447651,2
18,12490,12096,0.9245136518770359,0.5108108108108108,1856.3118223783704,-1007.6517718467752,-1007.6517718467752,1051.4501009054436,201.55084208125,76.82088797247823,516.2985565973347,0.0426834124171077,168.48454391891892,91.38121713154673,168.48454391891892,91.38121713154673,-77.10332678737218,2
19,9967,9644,0.9126308151713888,0.517548567135344,1311.0397531099247,-758.0737083064605,-758.0737083064605,892.8251624592006,173.8191064459997,71.05460494169422,462.5290039756343,0.04796028660054275,169.33184859217917,90.90536797539862,169.33184859217917,90.90536797539862,-78.42648061678055,2
20,11138,10788,0.9039802451689358,0.5550810393619758,1589.0235233269805,754.0372863705244,754.0372863705244,845.0165724983293,181.45317753368667,77.58470143097377,672.4650788387052,0.06233454568397341,165.35069033530573,89.87719569915434,165.35069033530573,89.87719569915434,-75.47349463615139,2
21,11034,10617,0.9106496375437523,0.5275790101371497,1474.6786464373013,-837.8829619201491,-837.8829619201491,988.5643632643157,183.4795280471371,75.80996598617955,683.1046891454945,0.06434065076250302,167.65119591863777,90.49003580101756,167.65119591863777,90.49003580101756,-77.16116011762021,2
22,13232,12738,0.9180411583134335,0.5227776409751292,2022.5904872530214,948.4467073533211,948.4467073533211,961.6343052491577,203.1287822268032,80.53753479645894,590.9259735953043,0.0463907971106378,167.56989247311827,90.31235355517704,167.56989247311827,90.31235355517704,-77.25753891794123,2
23,12984,12590,0.9066930234143478,0.5564149025500508,1879.3080107325748,-866.7508105768732,-866.7508105768732,943.3763991177739,195.8102905908711,82.59104464967254,594.8965363437813,0.04725151202095165,162.16791149217013,89.05724382413031,162.16791149217013,89.05724382413031,-73.11066766803982,2
24,13005,12477,0.902703738359308,0.521613712374582,1730.3213544371504,-896.3324890387887,-896.3324890387887,1055.485119963845,193.93366601132215,83.44241593952606,690.5777772109134,0.05534806261207929,168.62097268673355,91.40875538318977,168.62097268673355,91.40875538318977,-77.21221730354378,2
25,13576,13279,0.9046444658030124,0.5713609569295641,1928.5544846775563,-917.4923855414168,-917.4923855414168,1024.7941584186146,199.97639257149584,85.2233577350114,570.7188668141176,0.042979054658793404,159.0186595528018,92.68196185888934,159.0186595528018,92.68196185888934,-66.33669769391247,2
26,12045,11778,0.9250752371984698,0.5239556919791806,1818.9149761978858,982.6263948292174,982.6263948292174,1018.4299951909326,199.1857638019338,75.64754484357925,496.98484809834997,0.04219603057381134,164.22944377715498,92.04826644254963,164.22944377715498,92.04826644254963,-72.18117733460535,2
27,12826,12538,0.9074772857207188,0.5673816634989591,1848.3296247584078,882.7265412523816,882.7265412523816,969.2160812021547,195.75023113295612,82.2348971347521,541.5117600329312,0.0431896442840111,161.61987510181916,89.49566044334199,161.61987510181916,89.49566044334199,-72.12421465847717,2
28,12090,11782,0.9064177301994066,0.5601673560595255,1692.127674488337,-847.873247519492,-847.873247519492,958.136949178681,189.6954757249347,80.12403177675844,558.5828278447966,0.047409847890408814,159.32111443921457,94.12818448273079,159.32111443921457,94.12818448273079,-65.19292995648378,2
29,12091,11676,0.8992179466713113,0.5564239420510866,1577.5461457511426,-820.1258905663601,-820.1258905663601,989.7506696448753,185.68120389514252,81.23570376618156,629.1808075912433,0.05388667416848606,162.48849917397382,92.8648526430791,162.48849917397382,92.8648526430791,-69.62364653089472,2
30,8,8,0.5773502691896258,0.6666666666666666,0.5,-0.0,-0.0,0.75,3.4641016151377544,2.8284271247461903,7.65685424949238,0.9571067811865475,170.47222222222223,56.04337908715152,170.47222222222223,56.04337908715152,-114.42884313507071,2
31,10185,9783,0.921796203298507,0.5122794156150181,1608.8821295149826,-735.5336639796869,-735.5336639796869,718.7611668974702,179.93440017426477,69.7560346961235,470.6295090390226,0.04810686998252301,165.00172802010786,96.62329755152805,165.00172802010786,96.62329755152805,-68.37843046857981,2
0,15148,11048,0.5766899805345608,0.5319210399614829,1164.4796766551824,-120.70743543184084,-120.70743543184084,844.640390538279,138.8478966693671,113.43360465747415,593.8132752230962,0.053748486171532966,168.82091157117637,86.00875030150118,168.82091157117637,86.00875030150118,-82.81216126967519,3
1,15363,11124,0.5276192369541215,0.5472255017709563,1158.6166195675796,8.572253952405491,8.572253952405491,836.4709738644917,136.16722453486997,115.67146777569414,596.7838379715733,0.05364831337392784,173.9886199658927,79.70237522430175,173.9886199658927,79.70237522430175,-94.28624474159095,3
2,14650,10780,0.42482254022980187,0.5582021541010771,1061.0442535995674,-6.484266713938132,-6.484266713938132,869.9530401847023,130.30819040333262,117.96496180797554,574.6417023478423,0.053306280366219136,168.53624689312343,83.39174684436773,168.53624689312343,83.39174684436773,-85.1445000487557,3
3,11641,8460,0.41598119378079784,0.5261194029850746,835.1604393921609,-18.47156123378541,-18.47156123378541,695.017276908718,115.76211436832786,105.27096626225222,527.9726547895302,0.06240811522334873,171.35391791044776,84.7069935887371,171.35391791044776,84.7069935887371,-86.64692432171066,3
4,15431,11691,0.5260430284456445,0.5805154178459705,1205.9431488768969,25.248081751203145,25.248081751203145,875.5386469019443,139.0171995987857,118.22828319895721,589.8549057834388,0.05045375979671874,168.4775477100816,81.75061233026952,168.4775477100816,81.75061233026952,-86.72693537981209,3
5,12563,9392,0.5957828072865968,0.5397701149425287,1028.0930032224135,-24.756249349277702,-24.756249349277702,665.9350184465047,128.3605825080386,103.09223639488917,554.1564209736038,0.05900302608322016,176.8204980842912,79.36154309460771,176.8204980842912,79.36154309460771,-97.45895498968348,3
6,12402,8797,0.4571268148018674,0.537057387057387,882.4635772301853,5.012374551458489,5.012374551458489,698.3038024281246,118.83433179223084,105.69143608650113,526.4995667241113,0.05984989959351044,169.8037037037037,85.44830668957525,169.8037037037037,85.44830668957525,-84.35539701412844,3
7,13344,9839,0.31934288833729524,0.5604351788562315,905.71444031817,0.7615313013757549,0.7615313013757549,813.3617079062756,120.3807771632285,114.07754757693668,553.3279938488575,0.056238234967868436,165.4792283739652,86.3057952373954,165.4792283739652,86.3057952373954,-79.17343313656981,3
8,13877,9916,0.44346744722289333,0.5445658740183426,976.8717984091779,-33.68229819674455,-33.68229819674455,795.6829591541923,125.40689644162528,112.4010073170761,576.0559159102154,0.05809357764322463,172.08625771138813,84.29731446590726,172.08625771138813,84.29731446590726,-87.78894324548087,3
9,14557,10875,0.5701462497808794,0.5604514533085961,1149.4132549166343,-89.11375806790909,-89.11375806790909,812.8592698512357,136.91180632707102,112.47896552042303,574.3990616607231,0.05281830452052626,169.54299800728373,82.7081929600161,169.54299800728373,82.7081929600161,-86.83480504726762,3
10,14330,10892,0.6204267963666493,0.555941200489996,1210.2837978552552,-8.335038896903708,-8.335038896903708,744.6508629310661,139.16510775460443,109.14223452097026,563.6711395993651,0.05175093092171916,171.08406492445897,82.07370317429789,171.08406492445897,82.07370317429789,-89.01036175016108,3
11,14653,10121,0.5843364623056857,0.5134435876623377,1121.0468617545112,9.349103825140544,9.349103825140544,738.6452880134565,133.94179606720257,108.69530653427222,620.1980515339463,0.06127833727239861,178.1117931547619,81.79513448998878,178.1117931547619,81.79513448998878,-96.31665866477312,3
12,13465,9582,0.5565950808530138,0.5559294499883963,1027.3575013088312,-16.101586974220087,-16.101586974220087,710.4633716918866,128.26058047988465,106.55682738789905,551.7422074112307,0.05758111118881556,166.60437456486423,85.05165769169757,166.60437456486423,85.05165769169757,-81.55271687316666,3
13,12882,9557,0.5191957782030692,0.5562216272843674,981.7705391864731,10.787338912943614,10.787338912943614,717.8820921362775,125.3609683416975,107.14042055917051,552.2569260369921,0.057785594437270285,167.90330966515344,83.47458584203613,167.90330966515344,83.47458584203613,-84.42872382311731,3
14,14486,10767,0.44790670138610755,0.5788087302440598,1065.6843119283851,-15.994804357027968,-15.994804357027968,854.0491688443713,130.65290373357922,116.81418765864093,590.6417023478423,0.054856664098434316,166.39657026126224,83.59970921337165,166.39657026126224,83.59970921337165,-82.79686104789059,3
15,13485,10682,0.6339841462763202,0.5984313725490196,1186.7500888741858,-44.742017790542015,-44.742017790542015,716.4949990852297,138.04168509854057,106.75399094416099,576.683332908185,0.0539864569283079,168.71731092436974,78.90616780399428,168.71731092436974,78.90616780399428,-89.81114312037546,3
16,14992,11474,0.6795564240409904,0.5830284552845528,1362.2882941171665,20.71174497053142,20.71174497053142,734.2372328535122,147.6737258029664,108.33687801944983,609.1686142824235,0.053091216165454376,164.63014905149052,87.0842513600314,164.63014905149052,87.0842513600314,-77.54589769145912,3
17,14937,11043,0.6012371360324085,0.557389460932768,1225.962050695949,-22.552443815552664,-22.552443815552664,784.6774177706081,140.1206125531265,111.96626917604033,617.7544007200504,0.0559408132500272,181.1722356820782,73.32622088732268,181.1722356820782,73.32622088732268,-107.84601479475552,3
18,13178,9546,0.4868151747955598,0.5494100719424461,972.4123002564933,-21.049468398279824,-21.049468398279824,745.3728043561073,124.85815074222081,109.06421900437591,557.9137802864844,0.05844477061454897,168.685448441247,84.13892390178553,168.685448441247,84.13892390178553,-84.54652453946146,3
19,13633,10635,0.6397985593928991,0.5842122610415293,1201.752890459136,-72.0962864409924,-72.0962864409924,726.8509589890123,139.28140073686592,107.04369668479755,572.541197284454,0.05383556156882501,170.823243975683,80.18954290670354,170.823243975683,80.18954290670354,-90.63370106897946,3
20,13735,10337,0.38018895835421695,0.5756850077968367,976.5839598675454,-40.50746724239034,-40.50746724239034,858.7736700493358,125.8041507831434,116.35737073517183,544.3990616607231,0.05266509254723063,165.92500185638968,81.80395831341717,165.92500185638968,81.80395831341717,-84.12104354297252,3
21,12771,10186,0.5431001019638818,0.5851332720588235,1043.95914262921,87.18350626125508,87.18350626125508,780.816496919327,130.85705810017538,109.87647873018102,528.842712474619,0.051918585556118106,163.8073491115196,84.43859925340182,163.8073491115196,84.43859925340182,-79.3687498581178,3
22,14952,11625,0.6827708732584657,0.5870322678382063,1373.7233741075263,92.57412197849473,92.57412197849473,754.0866985482714,148.9836693206518,108.85231939764736,592.3990616607231,0.05095905906758908,163.96640239694324,86.37993082664002,163.96640239694324,86.37993082664002,-77.58647157030322,3
23,13623,9863,0.4736239693672892,0.5676546762589928,987.5050344027276,-11.944911679546442,-11.944911679546442,767.1345591760105,125.73945140890298,110.74215031616433,555.8132752230962,0.056353368673131524,169.39382254196641,82.51819276025954,169.39382254196641,82.51819276025954,-86.87562978170688,3
24,15341,11363,0.5327980038546195,0.5772708799024588,1164.8473114649307,-73.00306366043225,-73.00306366043225,862.8761779333406,137.49589601340898,116.35486414345627,598.4406922210657,0.052665730196344775,170.18556526451263,80.22085980103022,170.18556526451263,80.22085980103022,-89.96470546348242,3
25,13740,10373,0.38170837821081427,0.5820334418134889,981.9152039046713,-40.068660137574106,-40.068660137574106,861.2779274635201,126.11175354007608,116.56292601396969,544.6417023478424,0.05250570735060661,162.35112033815884,83.25539684962057,162.35112033815884,83.25539684962057,-79.09572348853827,3
26,15403,11481,0.5907839367023664,0.5536747685185185,1257.988625659883,39.60334415568075,39.60334415568075,824.847412365125,142.07490402062714,114.63026762565686,601.8132752230961,0.05241819312107796,171.1431005658436,82.00977093563485,171.1431005658436,82.00977093563485,-89.13332963020876,3
27,13636,10558,0.5577123821856406,0.6028320200982071,1094.0303821526754,-24.34386808077446,-24.34386808077446,756.691581274631,132.41015606356024,109.9049679771598,549.6711395993651,0.052062051486963926,165.29644855544137,80.54765518476015,165.29644855544137,80.54765518476015,-84.74879337068123,3
28,11493,8550,0.5607174755562045,0.5660752118644068,907.5294729455212,14.38427758284617,14.38427758284617,623.4229424301493,120.54913618986258,99.81555194401669,498.1147904132612,0.05825903981441651,166.01379325564972,82.73142756038791,166.01379325564972,82.73142756038791,-83.2823656952618,3
0,12954,7213,0.37488230700178765,0.4139929977615795,765.3050884814107,-14.67445907172432,-14.67445907172432,661.536104699048,110.80363561406529,102.7229936557185,760.9980874276962,0.10550368604293583,186.2675390766994,87.1077563189381,186.2675390766994,87.1077563189381,-99.15978275776129,4
1,12565,7061,0.4808595800715522,0.39780281690140845,792.8630223992787,-10.37585161584105,-10.37585161584105,610.5737866758896,112.67309966825701,98.79150548680649,707.8731957466684,0.10025112530047704,194.67220657276997,77.49307518548872,194.67220657276997,77.49307518548872,-117.17913138728125,4
2,11945,7113,0.5119824223980517,0.40037149611617695,804.4707700513466,24.618317320511906,24.618317320511906,598.6440921194837,113.65733297787456,97.63118587362254,706.2935059634514,0.09929614873660218,185.70447296333822,92.05288507931145,185.70447296333822,92.05288507931145,-93.65158788402677,4
3,12998,6815,0.46718554731781337,0.3953933627291715,782.0945590974983,10.774573523403596,10.774573523403596,612.6083015918558,111.91259259301745,98.94855931310451,748.3645737753169,0.10981138279901935,191.2385510946082,81.87669883916743,191.2385510946082,81.87669883916743,-109.36185225544077,4
4,9820,5448,0.5538679527374497,0.4020070838252656,674.9874842591333,-37.25109498750421,-37.25109498750421,479.5355850049919,104.44875901658767,86.964509129419,647.2163414971761,0.1187988879400103,197.32177292404566,72.02874609375236,197.32177292404566,72.02874609375236,-125.2930268302933,4
5,15367,7559,0.4503215853371563,0.3683723196881092,882.8242226460309,8.902055709181298,8.902055709181298,704.5938234864867,118.8792832418659,106.14332175893358,820.8620484583752,0.10859400032522493,193.86978557504872,83.02354173847334,193.86978557504872,83.02354173847334,-110.84624383657538,4
6,11871,7237,0.4012501056233253,0.406071148019302,778.0302897025445,14.469024835506238,14.469024835506238,655.8748274936827,111.69391880685664,102.30811491131557,743.9625535217635,0.10279985539888953,186.25156174017133,90.18914737672769,186.25156174017133,90.18914737672769,-96.06241436344364,4
7,11459,6530,0.521068659723283,0.3863905325443787,586.4784252912111,-73.69113163652732,-73.69113163652732,731.9806572797481,110.47403176848971,94.29121711988914,687.7665940288701,0.10532413384821901,191.9984023668639,80.16067553840232,191.9984023668639,80.16067553840232,-111.83772682846158,4
8,9975,5493,0.33698467070593136,0.427071995024102,580.5648169662934,-25.558531423191738,-25.558531423191738,536.8427971598098,97.3518374414675,91.65774147767193,653.4528855298854,0.11896102048605232,186.12787021199398,80.51220003605721,186.12787021199398,80.51220003605721,-105.61567017593677,4
9,10366,5636,0.47475597672282555,0.4128030469493884,649.0893607441465,-11.514964348875495,-11.514964348875495,504.40515634184817,101.98039563914111,89.75472789029091,672.5239533417509,0.11932646439704594,191.29724846798018,76.94894232599016,191.29724846798018,76.94894232599016,-114.34830614199002,4
10,8,8,0.5773502691896258,0.6666666666666666,0.75,-0.0,-0.0,0.5,3.4641016151377544,2.8284271247461903,7.65685424949238,0.9571067811865475,146.63888888888889,52.1089418525041,146.63888888888889,52.1089418525041,-94.52994703638478,4
11,5,5,0.0,0.5555555555555556,0.4,-0.0,-0.0,0.4,2.5298221281347035,2.5298221281347035,5.656854249492381,1.131370849898476,152.2962962962963,44.998612994933126,152.2962962962963,44.998612994933126,-107.29768330136318,4
12,14597,7442,0.43147879434658015,0.38064549127921843,842.5482619835086,18.287090776934377,18.287090776934377,689.5984430450997,116.25518983124027,104.87648982379235,757.5067093990478,0.1017880555494555,191.5230763984792,84.25983914048173,191.5230763984792,84.25983914048173,-107.26323725799746,4
13,11326,5934,0.4270839854566478,0.3893700787401575,553.0297416338746,5.374712586684077,5.374712586684077,675.8851150147409,104.009215067959,94.04637625833807,717.4945160902281,0.12091245636842402,194.145406824147,77.24317694408062,194.145406824147,77.24317694408062,-116.90222988006637,4
14,11,11,0.9128709291752768,0.44,1.2727272727272727,0.9090909090909091,0.9090909090909091,1.2727272727272727,5.908391567007971,2.412090756622109,5.656854249492381,0.51425947722658,187.49333333333334,60.25022784650324,187.49333333333334,60.25022784650324,-127.2431054868301,4
15,11846,8200,0.6618035831686706,0.507519960388686,1020.319803316478,-6.306455458060699,-6.306455458060699,573.5751027810829,127.77535351916701,95.7902788941178,760.0041840821061,0.09268343708318368,169.05219615852778,95.5659939151799,169.05219615852778,95.5659939151799,-73.48620224334788,4
16,9305,6083,0.49803127211153136,0.3993566176470588,657.1932738008645,0.6819151066827315,0.6819151066827315,494.191240743392,102.54334705100882,88.9213934229804,599.1686142824235,0.09849886803919505,191.2127538515406,80.17955733676897,191.2127538515406,80.17955733676897,-111.03319651477165,4
17,9336,4595,0.2809977607178832,0.35725392629451097,507.69496597640676,-20.721202897126506,-20.721202897126506,504.1840849388022,91.80282813443806,88.10394747775022,641.5533905932738,0.13961988913890616,202.69864717773285,70.2756871850752,202.69864717773285,70.2756871850752,-132.42295999265764,4
18,5,5,0.0,0.5555555555555556,0.4,-0.0,-0.0,0.4,2.5298221281347035,2.5298221281347035,5.656854249492381,1.131370849898476,164.59259259259258,54.3174886639648,164.59259259259258,54.3174886639648,-110.27510392862777,4
19,14124,7130,0.28883926954326566,0.3799019607843137,760.7331396879036,-23.391299351455494,-23.391299351455494,716.6086453737346,111.05495144818849,106.32152331408119,811.033621333629,0.1137494560075216,195.51443947144074,77.02493228562122,195.51443947144074,77.02493228562122,-118.48950718581952,4
20,11192,6210,0.3188950110930832,0.38205980066445183,601.0376511833547,9.17767633628167,9.17767633628167,666.4077642418731,103.35738591532449,97.96110158401818,698.2813126546316,0.11244465582200187,194.62895287313893,77.58146844987141,194.62895287313893,77.58146844987141,-117.04748442326752,4
21,10601,5774,0.5486399631687435,0.41831485908860394,495.962995525131,25.82097413257633,25.82097413257633,701.7846595688491,106.20542691201864,88.79397375914398,700.1513703397204,0.1212593298129062,190.94457726581177,77.62683224269476,190.94457726581177,77.62683224269476,-113.31774502311701,4
22,10973,6015,0.3240477003231325,0.40083966413434624,574.2763205590899,-6.86017403153245,-6.86017403153245,640.1580362200627,101.26123009183779,95.79724937989779,682.6660889654819,0.11349394662767778,192.317606290817,78.0399112656463,192.317606290817,78.0399112656463,-114.2776950251707,4
23,12346,6706,0.4902806438114423,0.40016708437761067,765.7785105752587,35.878470691278146,35.878470691278146,594.3870320714705,111.21050870961189,96.92714498476165,760.5483399593904,0.11341311362352974,184.27944862155388,92.02615327129305,184.27944862155388,92.02615327129305,-92.25329535026083,4
24,14536,7699,0.5466159863529375,0.40685937747714424,916.2183509932023,-46.54477512214727,-46.54477512214727,656.209739513894,121.6091636575898,101.83349528821586,817.589970519733,0.10619430712037058,188.29880744772674,83.72549663107598,188.29880744772674,83.72549663107598,-104.57331081665076,4
25,8885,5202,0.502571634439476,0.425,467.81922044888233,7.315744498943942,7.315744498943942,625.1168685527596,100.036503989177,86.48511602379709,648.5950211536165,0.12468185719984938,193.9299291938998,74.2184842682441,193.9299291938998,74.2184842682441,-119.7114449256557,4
26,12559,6915,0.17695796398886543,0.4070520367318107,678.9697225215389,6.882596700247658,6.882596700247658,695.9641138941041,105.70917372081456,104.04091490328665,769.6072144624361,0.11129533108639712,185.75586688642963,85.19866031784349,185.75586688642963,85.19866031784349,-100.55720656858614,4
27,10444,5873,0.18521876304046553,0.3986559869671463,578.4597550936912,8.514282809275109,8.514282809275109,589.6687309733768,97.50959252871726,95.82241461138732,682.1808075912433,0.11615542441533173,191.96916010498688,78.16660201451506,191.96916010498688,78.16660201451506,-113.80255809047182,4
28,10591,5875,0.5441592126625203,0.40713790713790715,699.4561496713445,19.24183728383891,19.24183728383891,495.40539538252574,105.92486291926562,88.86905049789105,655.1452736853106,0.11151408913792521,192.04361284361283,78.55725557683502,192.04361284361283,78.55725557683502,-113.48635726677782,4
29,12647,6316,0.2894251008105832,0.3680438202901929,701.927819327334,-8.177120387680139,-8.177120387680139,645.3486932019408,106.06306925278308,101.52364030681592,757.6072144624362,0.1199504772739766,192.3162597362236,84.14160826498986,192.3162597362236,84.14160826498986,-108.17465147123374,4
30,14001,6374,0.14903220748165089,0.33005385252692626,739.7593811943309,6.08401566451569,6.08401566451569,728.6301328673936,108.99099214313463,107.77381804799697,823.4123009900694,0.12918297787732497,204.3485397680199,74.49594831619092,204.3485397680199,74.49594831619092,-129.85259145182897,4
31,14062,7347,0.5213805290347137,0.3900923861102262,880.124874855056,-8.325887708176063,-8.325887708176063,641.3749504547271,118.68714302455996,101.27862205630653,796.2823586751582,0.1083819734143403,190.49971682418322,85.40480406938558,190.49971682418322,85.40480406938558,-105.09491275479765,4
32,10960,6160,0.48870671488803846,0.38543361281441624,534.9674311646148,17.28370493548664,17.28370493548664,698.6498015843734,105.86443645434508,92.36123005995397,661.4823227814084,0.10738349395802084,192.57306136069744,80.74298573409453,192.57306136069744,80.74298573409453,-111.8300756266029,4
33,8019,4332,0.5694926729462889,0.40353982300884955,362.37384846306855,-6.543146026606021,-6.543146026606021,535.6996685108307,92.60205828363533,76.11855932173569,548.7127701597078,0.1266649977284644,198.14569166278528,70.24212796724493,198.14569166278528,70.24212796724493,-127.90356369554036,4
0,10511,9740,0.9414629619779014,0.3950356911096691,1723.256295932437,-1017.981996382326,-1017.981996382326,993.9678326003819,197.58267050421955,66.60836563785448,577.0681092190351,0.05924723913953133,187.1570408825438,88.2984000384176,187.1570408825438,88.2984000384176,-98.85864084412621,5
1,12500,11528,0.9093760056050537,0.4484905073140367,1691.622220169303,-905.4502593420073,-905.4502593420073,1038.8844423269466,192.98611991359934,80.27741974324938,543.4284989122459,0.04713987672729406,179.05042016806723,90.59273451338439,179.05042016806723,90.59273451338439,-88.45768565468285,5
2,12019,11194,0.9287965226551834,0.44733056265984655,1809.927002397563,-1017.1632217724026,-1017.1632217724026,1052.1593005760728,200.65813263301982,74.36191670342829,539.6711395993652,0.04821075036621094,158.02229859335037,111.42120237487842,158.02229859335037,111.42120237487842,-46.60109621847195,5
3,13038,12376,0.9259424132407786,0.4729621278709825,1937.83011157822,-1100.6763392269531,-1100.6763392269531,1169.5080489143963,208.59376184956437,78.77850649338993,548.7422074112307,0.04433922167188354,167.83814218927148,96.32287313855326,167.83814218927148,96.32287313855326,-71.51526905071822,5
4,11168,10544,0.9195390194364507,0.467210209145693,1621.3522716192829,-874.4081179581887,-874.4081179581887,940.7745500609055,188.44000907897893,74.05668184031305,509.77164466275354,0.04834708314328087,176.63773189176416,87.46581594965038,176.63773189176416,87.46581594965038,-89.17191594211378,5
5,15359,13980,0.832481099561432,0.543651565234299,1728.254549105507,-665.6115226227531,-665.6115226227531,1071.335958604261,185.12862303671824,102.57115118728542,565.4284989122459,0.040445529249803,155.8176421025342,94.81480422788707,155.8176421025342,94.81480422788707,-61.00283787464713,5
6,13049,11972,0.9294662042912922,0.4518417874396135,2074.2443501020707,-1063.6643407719132,-1063.6643407719132,1037.7310356515698,209.3491525516007,77.2304246912114,556.6000717874997,0.046491820229493795,174.9154211956522,92.180714895143,174.9154211956522,92.180714895143,-82.73470630050919,5
7,12502,11702,0.9410699843195641,0.46451254366465544,2072.990283145501,-1174.110473791983,-1174.110473791983,1117.213593739196,214.01841162266652,72.38357214635123,559.8132752230961,0.04783911085481935,173.906279771356,92.29244672908209,173.906279771356,92.29244672908209,-81.61383304227391,5
8,10967,10293,0.9307081807044217,0.4538359788359788,1753.779097848373,-928.1198989683874,-928.1198989683874,913.2881039822528,194.0046492169194,70.95964565518959,589.547293938864,0.05727652714843719,176.72504409171077,92.17666562395642,176.72504409171077,92.17666562395642,-84.54837846775435,5
9,9706,8933,0.9146806732663028,0.4451365357783536,1385.6510263496348,-713.1636149401277,-713.1636149401277,772.9308807589081,172.3008147060096,69.64007298518601,485.97265478953017,0.054401953967259616,170.56290279715634,98.4943123869176,170.56290279715634,98.4943123869176,-72.06859041023874,5
10,11103,10082,0.9169616423936571,0.41650830372634884,1536.784898803035,-849.9858074717688,-849.9858074717688,944.8622908988194,185.07779590946043,73.84148222053635,524.2569260369921,0.05199929835717042,186.039755983365,85.29040377547324,186.039755983365,85.29040377547324,-100.74935220789177,5
11,11991,10974,0.9303591051387741,0.4292083854818523,1845.2343631262702,-1035.1677358721445,-1035.1677358721445,1057.8179869801115,202.34766775677343,74.1906931838255,730.477272147525,0.0665643586793808,185.41863527325825,84.79703000702538,185.41863527325825,84.79703000702538,-100.62160526623286,5
12,13369,12430,0.9348374735316172,0.48460038986354775,2099.424396792595,-1188.947189454834,-1188.947189454834,1183.8535281146417,215.98789137485457,76.69209592884917,622.8610024378487,0.050109493357831755,177.9007927225471,85.53108837138736,177.9007927225471,85.53108837138736,-92.36970435115974,5
13,12023,11125,0.910944578842678,0.4666135391326231,1651.674033933089,-900.9391244539835,-900.9391244539835,1034.281099861129,191.63862118199162,79.05644193974707,561.7127701597078,0.050491035519973734,167.50508905852416,99.79816331249694,167.50508905852416,99.79816331249694,-67.70692574602722,5
14,13383,12219,0.9021409570555292,0.4946963562753036,1887.043357824914,-870.9361671322298,-870.9361671322298,977.122385132167,196.55802439365394,84.80327195207175,549.7716446627535,0.044993178219392214,172.302024291498,87.07442166436104,172.302024291498,87.07442166436104,-85.22760262713695,5
15,13578,12727,0.9141831717331093,0.4863759697328696,1910.551350152712,-1029.8389700028702,-1029.8389700028702,1148.7782718198625,205.0437029157683,83.10447548809478,557.0853531617382,0.043771930004065235,178.1614629113005,83.09304722330748,178.1614629113005,83.09304722330748,-95.06841568799302,5
16,11538,10558,0.9107866055955675,0.43470026350461133,1640.375552926758,-786.1251601352963,-786.1251601352963,845.4774117323976,184.33932044029257,76.1095419389555,561.8549057834388,0.053216035781723695,171.4242012516469,100.60628703647066,171.4242012516469,100.60628703647066,-70.81791421517624,5
17,12714,11854,0.9034726598502364,0.48023010857235454,1648.4127892180918,-906.0380594659234,-906.0380594659234,1097.9970643048723,192.67041210311086,82.58734743521462,542.1564209736038,0.04573615834094852,166.75234970021066,95.51936735588494,166.75234970021066,95.51936735588494,-71.23298234432572,5
18,11842,10840,0.9248551488112036,0.41730828457037267,1721.6028978278468,-948.0175803280866,-948.0175803280866,995.4141729330352,194.88174301312162,74.11733516756884,572.1686142824235,0.05278308249837855,189.03462170208397,81.61953185400434,189.03462170208397,81.61953185400434,-107.41508984807963,5
19,11511,10654,0.9379814172648017,0.4248006379585327,1828.190760952322,-1067.120339748533,-1067.120339748533,1059.8820058717422,203.1037978790874,70.41314902967939,534.0142853498728,0.05012336074243221,172.99094896331738,98.62050967578385,172.99094896331738,98.62050967578385,-74.37043928753353,5
20,11467,10729,0.9336866185064493,0.4481620718462824,1731.281605518257,-1050.156712059577,-1050.156712059577,1105.1272723099703,200.5606472851413,71.81900031201197,517.7716446627535,0.04825907770181317,172.5820941241994,96.59417419609191,172.5820941241994,96.59417419609191,-75.98791992810747,5
21,12558,11570,0.9309686168553961,0.4607726005575468,1948.2359773249007,-1071.729228729862,-1071.729228729862,1077.1498545249729,206.67046798346277,75.45522495556202,550.7005768508881,0.04759728408391427,178.51669985397584,87.24970227350423,178.51669985397584,87.24970227350423,-91.26699758047161,5
22,14100,13230,0.891939730754851,0.5202107581000315,1754.2621220581957,-921.7520285957667,-921.7520285957667,1172.4393103467978,197.1768763368538,89.1543737374727,551.4284989122459,0.04168015864793998,157.52807486631016,100.19032021903304,157.52807486631016,100.19032021903304,-57.33775464727712,5
23,12144,11259,0.9395937966739694,0.45487233354880413,1978.1397564049983,-1148.6714568186164,-1148.6714568186164,1123.584535870725,210.7672934315942,72.1438611105051,534.2152954766495,0.047447845765756246,165.6428032751562,101.39709274626578,165.6428032751562,101.39709274626578,-64.24571052889043,5
24,11764,10898,0.914668128010996,0.4502189539783525,1649.3382320559265,-894.5889361439283,-894.5889361439283,998.2635726177243,190.82053769894233,77.13074138801558,533.0853531617383,0.048915888526494616,166.46462309620205,102.05816685123833,166.46462309620205,102.05816685123833,-64.40645624496372,5
25,13227,12357,0.9123724629492157,0.4639558459112413,1830.3149558831979,-977.8536966088632,-977.8536966088632,1098.5428312012098,200.33944351911916,82.01116975022482,563.4701294725885,0.045599265960393986,160.18363745588346,105.73875362901919,160.18363745588346,105.73875362901919,-54.44488382686427,5
26,13121,12134,0.9026348962051611,0.4889587362991618,1797.9379920824792,-895.469226568904,-895.469226568904,1034.3425673083188,195.53436723664325,84.15937368836762,553.1858582251266,0.04558973613195373,169.0510289060821,94.48298372561734,169.0510289060821,94.48298372561734,-74.56804518046476,5
27,11794,10899,0.9193567455069641,0.4285545769109783,1657.767276583303,-928.1753668110522,-928.1753668110522,1022.7659883156247,192.71715163298012,75.81973163269431,640.0447686219222,0.0587250911663384,188.1724467862011,81.93702076079467,188.1724467862011,81.93702076079467,-106.23542602540644,5
28,11859,10775,0.912625598169648,0.4585886959482465,1647.8072240868646,-882.3055770888401,-882.3055770888401,990.7708312164551,190.19024101900422,77.74909070842051,531.0437226013956,0.04928480024142883,168.89557087731245,98.28098451175062,168.89557087731245,98.28098451175062,-70.61458636556183,5
29,11756,10676,0.9347851032463428,0.43955862977602106,1840.417941427047,-1052.1814901809641,-1052.1814901809641,1054.595722937938,202.8065653372416,72.03968132877125,559.3279938488575,0.05239115716081468,174.7661533816425,96.37066640144454,174.7661533816425,96.37066640144454,-78.39548698019797,5
0,15177,12467,0.4958004599107467,0.6080870159008878,990.1421824749126,7.130725009750465,7.130725009750465,1312.5024852680945,144.92260788965245,125.85607814623083,559.4873734152916,0.04487746638447835,152.45005365330212,92.75295962194117,152.45005365330212,92.75295962194117,-59.69709403136095,6
1,15809,12640,0.40253773074180965,0.5867335097247366,1177.1140960733455,-72.02602923209443,-72.02602923209443,1044.4216066135223,139.06511953346285,127.30068252815289,553.9726547895302,0.04382695053714638,154.31314115954137,93.39169804033672,154.31314115954137,93.39169804033672,-60.92144311920465,6
2,14997,12050,0.38007916549903714,0.599502487562189,1168.5743308551853,-60.26105615261444,-60.26105615261444,1045.3546837072367,138.16775369760003,127.79881091449201,679.126983722081,0.056359085786064814,159.8125207296849,94.96069113835183,159.8125207296849,94.96069113835183,-64.85182959133307,6
3,14807,12030,0.3719852458723114,0.6112804878048781,1127.0615974955929,28.464860880494843,28.464860880494843,981.0733770243272,134.60551877830966,124.94604398195584,533.0020920410531,0.044306075813886375,156.14386856368563,86.25810142035338,156.14386856368563,86.25810142035338,-69.88576714333225,6
4,10680,8966,0.3162327354789124,0.633908371040724,810.3677329439807,-28.17676374161706,-28.17676374161706,750.5829542979652,114.65107778327139,108.76737267676087,430.29141392239836,0.04799145816667392,138.77427413273003,91.01348664387976,138.77427413273003,91.01348664387976,-47.76078748885027,6
5,15821,12207,0.49539721305478013,0.5877226769378912,1000.5017797999396,11.061688548596841,11.061688548596841,1325.026990900508,145.62437158183343,126.49902265473544,626.3696244092002,0.05131233099116902,157.90378751404268,97.04400061304925,157.90378751404268,97.04400061304925,-60.85978690099343,6
6,17509,13500,0.510244467983627,0.5844155844155844,1083.2873443072704,51.52048614540456,51.52048614540456,1447.7952357969816,152.57456319533688,131.2186112844523,635.239682094289,0.04705479126624363,159.42545454545456,94.77515534506306,159.42545454545456,94.77515534506306,-64.6502992003915,6
7,16176,12619,0.3770710776884263,0.5793847566574839,1247.814296635235,-40.60737134253041,-40.60737134253041,1088.5184518524304,141.84885230449765,131.37818340843148,633.5706345359768,0.05020767370916687,157.4565809611264,94.41072988306011,157.4565809611264,94.41072988306011,-63.04585107806629,6
8,16775,14462,0.42217266484942834,0.6796052631578947,1370.61278980976,13.652206170818259,13.652206170818259,1127.722354987471,148.1284703958776,134.2807453618474,650.7300141024109,0.04499585217137401,146.70524749373433,84.12536282512424,146.70524749373433,84.12536282512424,-62.57988466861009,6
9,11962,10077,0.39848919469437666,0.626679104477612,798.2723693236386,-21.90136449487799,-21.90136449487799,941.8098256011817,122.96843320450054,112.7833301247459,459.5462479183373,0.04560347801114789,144.04371890547264,100.48484894382968,144.04371890547264,100.48484894382968,-43.55886996164297,6
10,13681,11263,0.5901414154468864,0.6272904483430799,835.5176776438655,26.73600167605303,26.73600167605303,1277.91346883153,143.08170471899044,115.5098442485053,555.4873734152916,0.049319663803186684,149.01654135338345,90.92226657232803,149.01654135338345,90.92226657232803,-58.09427478105542,6
11,10658,9129,0.4969619718989631,0.6447033898305085,900.3287858029751,25.379432609178217,25.379432609178217,683.1024726213142,120.21677495975526,104.32078964935125,444.2914139223983,0.048668136041450136,142.92344632768362,99.57129587642602,142.92344632768362,99.57129587642602,-43.3521504512576,6
12,14329,12471,0.18474515336947298,0.6697636949516649,1094.8712333662932,14.02808405324743,14.02808405324743,1069.8639418513098,132.73488137616826,130.45004434470763,544.1614716074871,0.04363414895417265,146.06822413175797,91.15955203727997,146.06822413175797,91.15955203727997,-54.90867209447801,6
13,14378,12428,0.12974844163456628,0.6361588861588862,1074.2570797494243,8.482551780197909,8.482551780197909,1081.10869361303,131.8684861027536,130.7537943876473,503.9898987322333,0.04055277588769177,149.0415642915643,93.9495591730268,149.0415642915643,93.9495591730268,-55.0920051185375,6
14,12085,9859,0.5422758656924687,0.6527409957627118,776.3077198829079,-67.72896553237547,-67.72896553237547,1062.959800372595,131.34119470479808,110.3529378748222,510.2325394193526,0.051752970830647387,137.23038047316385,96.9073535889023,137.23038047316385,96.9073535889023,-40.32302688426155,6
15,11141,9857,0.43001332628253186,0.6794182519988972,757.8170243531913,17.26619657758076,17.26619657758076,925.8252670487359,121.82488137425705,109.98624887038851,435.60512242138304,0.04419246448426327,141.08183990442055,92.75611350401016,141.08183990442055,92.75611350401016,-48.32572640041039,6
16,11682,10408,0.37909307189540364,0.6949786324786325,811.6078573745373,-29.095559954767698,-29.095559954767698,933.5413413660397,122.64604332704268,113.4915646031475,471.33304448274095,0.045285649931085796,138.46249554843305,83.87422655226632,138.46249554843305,83.87422655226632,-54.58826899616673,6
17,12628,10602,0.31414569267178954,0.638136511375948,994.5041045919268,-6.528964273753484,-6.528964273753484,897.1880819648665,126.17068952182474,119.78327132991483,492.43354954612926,0.04644723161159491,152.83178845150675,88.07181359796631,152.83178845150675,88.07181359796631,-64.75997485354044,6
18,12697,10102,0.5033127016680888,0.6002376708259061,1033.7461163603039,-21.613800999749085,-21.613800999749085,775.0056738236925,128.7191791359068,111.22680237030225,506.2325394193526,0.05011211041569517,154.27936224995048,89.7257065077109,154.27936224995048,89.7257065077109,-64.55365574223958,6
19,12581,10991,0.3556787991022783,0.6679022848808945,923.0439410725049,-56.99846786579772,-56.99846786579772,982.7561644240219,127.57708494540707,119.23459684494607,472.63455967290594,0.04300196157518933,139.8908199643494,93.75745371110354,139.8908199643494,93.75745371110354,-46.13336625324585,6
20,14225,12325,0.3542713010118053,0.6439393939393939,988.03841256043,5.773707451583872,5.773707451583872,1129.3380491604578,134.43651757440276,125.71732629196943,511.4041122946064,0.04149323426325407,149.383298502264,86.35711870047777,149.383298502264,86.35711870047777,-63.02617980178624,6
21,16798,13630,0.34858508605457716,0.6156278229448962,1137.445698038884,-13.771411192672506,-13.771411192672506,1292.1754545586668,143.85501550103857,134.83201755056834,573.286363288515,0.042060628267682684,154.87368262571513,88.54211866697783,154.87368262571513,88.54211866697783,-66.3315639587373,6
22,13131,11735,0.5643515121740766,0.6684324447482343,818.0189984875851,-30.873962917423217,-30.873962917423217,1194.0962708469908,138.36843599731498,114.22793103707238,453.747258045114,0.03866614895995858,141.36948431685275,89.79166200384878,141.36948431685275,89.79166200384878,-51.57782231300396,6
23,14168,11328,0.38092141712959415,0.6249931034482759,971.7714901416714,-46.91206952262186,-46.91206952262186,1104.3326013010985,133.8210504744977,123.73193570370691,542.2325394193526,0.04786657304196262,148.97316781609194,91.0361720557419,148.97316781609194,91.0361720557419,-57.936995760350044,6
24,13769,11749,0.4807799263047278,0.6324827734711456,885.0329360468207,7.0853934823825675,7.0853934823825675,1150.677147438933,135.69766384387515,118.9853157456277,490.13203435596427,0.041716915001784344,141.25405541200115,98.75844918583982,141.25405541200115,98.75844918583982,-42.49560622616133,6
25,5,5,0.0,0.5555555555555556,0.4,-0.0,-0.0,0.4,2.5298221281347035,2.5298221281347035,5.656854249492381,1.131370849898476,153.22222222222223,50.63181062250865,153.22222222222223,50.63181062250865,-102.59041159971358,6
26,16795,13921,0.2984074890917,0.6129358929200422,1231.26496837437,57.35081565710716,57.35081565710716,1242.9271544452138,143.93012474022154,137.3724614228689,652.961507501237,0.04690478467791372,154.95564752847247,93.5396696966433,154.95564752847247,93.5396696966433,-61.41597783182917,6
27,14118,12059,0.3966912550713741,0.6330183727034121,967.9858336174362,-31.484205977877114,-31.484205977877114,1136.3023976821923,135.1738933942925,124.08315858899832,511.68838354206827,0.04243207426337742,150.356447944007,88.46955472769774,150.356447944007,88.46955472769774,-61.88689321630925,6
28,16888,13428,0.35745461744702595,0.6128148959474261,1258.7811740174702,-72.65987690480692,-72.65987690480692,1177.9281040437288,144.3054358818026,134.77124924828047,672.4823227814082,0.05008060193486805,161.43820737495437,91.0346881950164,161.43820737495437,91.0346881950164,-70.40351917993797,6
29,16963,13337,0.355078218605291,0.593019119608715,1301.3415222188266,30.490143393441528,30.490143393441528,1148.2267526801286,144.62031569383157,135.19636343851772,607.144227664784,0.04552329816786264,159.5795612864977,89.70290855923885,159.5795612864977,89.70290855923885,-69.87665272725884,6
30,10821,9585,0.28586246914395325,0.69441425777005,823.9123003715213,32.69655067132641,32.69655067132641,801.1906106116398,116.42443156237724,111.56611632170367,442.4335495461292,0.04615895143934577,134.5840276268444,88.10658331159024,134.5840276268444,88.10658331159024,-46.47744431525416,6
0,14955,14025,0.3046767845465233,0.6407620614035088,1143.8982047260906,32.983937224398765,32.983937224398765,1239.3121483167633,141.3989688048896,134.67626839796063,736.6072144624362,0.05252101350890811,135.20591191520467,94.55126888299048,135.20591191520467,94.55126888299048,-40.65464303221418,7
1,14512,13776,0.25963847114611605,0.647033958010427,1125.7520208804196,8.400600599090906,8.400600599090906,1205.3088840257383,138.92076866854532,134.1566044257197,609.6122650963194,0.044251761403623656,130.71424545582641,95.82255455864535,130.71424545582641,95.82255455864535,-34.891690897181064,7
2,14371,13899,0.21853117052656784,0.7048174442190669,1154.9007069341753,-20.74986208486112,-20.74986208486112,1117.9028049380183,136.48152755913293,133.18276474484506,658.1686142824236,0.047353666758933995,128.52310682893847,87.62690154546434,128.52310682893847,87.62690154546434,-40.89620528347413,7
3,18275,17322,0.5712471530444048,0.6896798853320593,1783.0965743388397,36.10123370279099,36.10123370279099,1204.9891744816864,169.01324324642792,138.7223687386148,782.8670990922585,0.04519496011385859,135.57291500769762,86.34214484596272,135.57291500769762,86.34214484596272,-49.230770161734895,7
4,15023,14574,0.463501963556724,0.70843865448182,1303.2874806434959,-110.90523337041208,-110.90523337041208,1114.9007232134306,147.21963805040275,130.45071649484808,648.1980515339465,0.044476331242894636,131.0933793505736,85.05204101056928,131.0933793505736,85.05204101056928,-46.041338340004316,7
5,13771,12705,0.4254386943492075,0.6349325337331334,979.1651673917291,-37.5406623371973,-37.5406623371973,1180.5198341005232,137.82836966160056,124.73291682752081,561.8132752230962,0.044219856373325164,121.49483591537565,105.40554760978557,121.49483591537565,105.40554760978557,-16.089288305590074,7
6,15620,15072,0.2590193806494223,0.6986510916423307,1293.7830725636193,-21.0044638794647,-21.0044638794647,1217.4110748062521,144.17648620519728,139.25604900125705,786.3940110268397,0.052175823449232994,133.16607178726494,84.60502000971498,133.16607178726494,84.60502000971498,-48.56105177754996,7
7,16574,15374,0.4565116011383678,0.6623012966872012,1519.2390797835749,-50.97074475534031,-50.97074475534031,1217.641184737294,156.33913612135217,139.0976590355252,1207.337228564847,0.07853110632007591,136.20904952684558,90.49995469189965,136.20904952684558,90.49995469189965,-45.70909483494593,7
8,16610,15825,0.294887725458168,0.7053396327331075,1344.842449584591,54.20226747826944,54.20226747826944,1293.5430605422173,148.54804924396328,141.94240109228107,728.8670990922585,0.04605795254927384,106.93684257443394,103.56930561472588,106.93684257443394,103.56930561472588,-3.3675369597080618,7
9,13701,12800,0.4085255360720502,0.6350781443810469,1014.175788842774,-68.94259241943391,-68.94259241943391,1155.6437208923342,137.61884283460768,125.61117089106877,594.9137802864846,0.0464776390848816,136.35838915074837,94.22930659427105,136.35838915074837,94.22930659427105,-42.129082556477314,7
10,14351,13876,0.39236249489647224,0.6745090414155163,1193.8899028549283,95.91447078397456,95.91447078397456,1154.46963231807,142.66595863524702,131.22567130502307,696.0264786586926,0.05016045536600552,113.29768617538402,107.49831227918689,113.29768617538402,107.49831227918689,-5.799373896197125,7
11,14899,14301,0.1569362888423607,0.6672732362821948,1179.9330133888402,4.726480316575922,4.726480316575922,1208.1675268255917,139.07912758247514,137.35576039732922,626.4995667241113,0.04380809500902813,129.69483327112107,96.00844991108943,129.69483327112107,96.00844991108943,-33.68638336003164,7
12,14967,14135,0.2778314858409986,0.6460532931121167,1171.035919733521,31.803049586650946,31.803049586650946,1244.2162031519547,141.7663243437185,136.18495969907696,667.3401871576774,0.04721189863160081,137.40020110608347,91.92017453632599,137.40020110608347,91.92017453632599,-45.480026569757484,7
13,14573,13995,0.37556777637447064,0.6991906474820144,1123.3929442518963,-78.99285923710028,-78.99285923710028,1201.9519665638772,141.47182681312268,131.11537206296674,535.8721497261419,0.038290257215158406,124.37238542499334,89.69243696224679,124.37238542499334,89.69243696224679,-34.67994846274655,7
14,14576,14182,0.36465552235231063,0.7340579710144928,1210.1217280298008,70.05577066004612,70.05577066004612,1121.0435335113377,141.3420217056579,131.609563044695,590.5290039756343,0.04163933182736104,118.75978260869566,85.96789493072936,118.75978260869566,85.96789493072936,-32.7918876779663,7
15,14473,13577,0.42584832480443774,0.646031594975257,1043.7532995604975,-29.554627685347484,-29.554627685347484,1266.3968417835779,142.56244941245086,128.98972935481177,576.541197284454,0.042464550142480226,128.56953432305545,97.57306395694886,128.56953432305545,97.57306395694886,-30.996470366106593,7
16,12222,11638,0.41846368869437767,0.6579601990049752,884.4382757375121,9.782614602194014,9.782614602194014,1071.0604129732944,130.93948587540817,118.92363120110606,531.9432175380074,0.04570744264805013,140.97388059701493,86.3698387977217,140.97388059701493,86.3698387977217,-54.60404179929323,7
17,13325,12941,0.32866346601147167,0.7170323581560284,1019.1295686764564,8.527002075082551,8.527002075082551,1141.2907604460772,135.16704235715625,127.65812127075688,587.9076836320746,0.04542984959679118,141.62422429078015,73.62200578147646,141.62422429078015,73.62200578147646,-68.00221850930369,7
18,15286,14704,0.3623943356800147,0.6776036866359447,1300.463798352043,-61.23268641933544,-61.23268641933544,1176.723461286396,145.63744905600717,135.7377235210387,813.5655839020935,0.05532954188670386,140.3068970814132,86.18839985094584,140.3068970814132,86.18839985094584,-54.11849723046737,7
19,15594,14806,0.2495742321142935,0.705047619047619,1238.4217906674257,-39.81763183049785,-39.81763183049785,1242.9165709870165,143.13910358354832,138.6095624831465,728.1452736853106,0.04917906751893223,112.76950793650794,99.71524059411381,112.76950793650794,99.71524059411381,-13.054267342394127,7
20,14993,14174,0.3603503313638621,0.6610390821751703,1150.6434106550387,-67.12594888173442,-67.12594888173442,1249.3668358092664,143.29419355432296,133.66726613889097,665.8904396893715,0.04697971212708985,125.50761744862109,98.06573561550596,125.50761744862109,98.06573561550596,-27.441881833115133,7
21,12352,11752,0.4061003025441769,0.6594097183256649,893.9567004382266,5.904409735625559,5.904409735625559,1070.0664834767633,130.85957162319943,119.58320725433222,516.6000717874997,0.043958481261700114,143.43794186959937,82.3463914796007,143.43794186959937,82.3463914796007,-61.09155038999867,7
22,16743,15844,0.3557714995807734,0.6851755751600069,1407.8159980792273,-36.85510653894351,-36.85510653894351,1244.4821131728634,150.50565340934116,140.65851581706923,741.3818177180199,0.04679259137326558,114.5719454534971,98.99122798228089,114.5719454534971,98.99122798228089,-15.580717471216204,7
23,15460,14764,0.37046568377221606,0.714202786377709,1336.2974276315642,29.887094972276852,29.887094972276852,1162.1879364385647,146.49422570311708,136.07059807602175,1001.8864350760148,0.06786009449173766,128.98264963880288,87.38514053264589,128.98264963880288,87.38514053264589,-41.59750910615699,7
24,12664,11842,0.4085486737095487,0.6595010024504344,903.8184444635995,10.748770110856608,10.748770110856608,1083.4916779196085,131.7046652004876,120.21165967808115,578.1147904132612,0.048819016248375376,141.4122113314027,87.08436314538055,141.4122113314027,87.08436314538055,-54.32784818602214,7
25,12294,11690,0.4137811728294889,0.6559308719560094,888.5274549837144,8.484191045990261,8.484191045990261,1071.2166489457848,130.941807748077,119.20632804737184,523.286363288515,0.04476358967395338,136.4211835559047,89.71986731541325,136.4211835559047,89.71986731541325,-46.70131624049144,7
26,13883,13217,0.35345409432649744,0.6696220488398014,1038.60268486488,1.7202783912848003,1.7202783912848003,1186.8364983459264,137.80313260756185,128.90819824555624,623.0203820042827,0.047137806007738724,131.4115243016854,93.25982308700435,131.4115243016854,93.25982308700435,-38.151701214681054,7
27,17052,16045,0.4408490524067531,0.6624690338563171,1506.6568254503127,10.598149241561904,10.598149241561904,1214.5346154187532,155.28249456669244,139.3786566697003,688.3401871576774,0.0429006037493099,126.73922378199835,96.97804190245044,126.73922378199835,96.97804190245044,-29.761181879547905,7
28,13786,12845,0.4587399469350053,0.6416083916083916,993.1919651393439,93.20042831854086,93.20042831854086,1165.5167078322986,138.9262014717084,123.4457342810539,604.9259735953043,0.04709427587351532,147.9212121212121,83.27768896559176,147.9212121212121,83.27768896559176,-64.64352315562034,7
29,14252,13308,0.36335537103131116,0.6374173771434045,1055.3933282750297,-9.315252948140506,-9.315252948140506,1214.7611070818139,139.44482768482283,129.91385991363495,591.1564209736038,0.044421131723294545,135.58803525241882,93.78400377027643,135.58803525241882,93.78400377027643,-41.80403148214239,7
